id_imovel,Tipo_de_Imovel,titulo_seo,descricao_imovel,Finalidade,Status da Obra,Tags,bairro,quartos,vagas,suites,metragem,Condomínio,valor,valor_numerico,Link do Imóvel,Foto Principal,Título Comercial,Status da Publicação,Link Redes sociais
JP-3150,Apartamento,Apartamento para Venda em Tambaú - João Pessoa,"Viver em Tambaú é estar no coração de uma das regiões mais valorizadas e desejadas da cidade. Este excelente apartamento com vista para o mar reúne espaço, elegância e uma infraestrutura completa para proporcionar qualidade de vida em alto nível.
Com 117 m² de área privativa, o imóvel oferece uma planta ampla e bem distribuída, composta por 3 quartos, sendo 2 suítes, além de 1 quarto de dependência com banheiro, garantindo versatilidade e funcionalidade para o dia a dia.
Os ambientes são confortáveis e bem iluminados, com destaque para a vista mar, que traz charme e valorização ao imóvel. Ideal para quem busca morar com sofisticação ou investir com segurança em uma localização estratégica.
O condomínio conta com área de lazer completa, proporcionando momentos de descanso e convivência para toda a família.
🏢 Condomínio: R$ 700,00
Uma oportunidade única para morar com conforto, espaço e vista privilegiada em Tambaú.
Agende sua visita e encante-se com este excelente apartamento com vista para o mar. 🌊",Venda,Em obras,Pré-lançamento,Tambaú,3,2,2,117.0,"$0,00","R$1650000,00",1650000,https://juremabksimoveis.com.br/imoveis/apartamento-para-venda-em-tambau-6/,4-2-e1770824804762.jpeg (https://v5.airtableusercontent.com/v3/u/51/51/1774296000000/17kjvEyYSghbCSIfNg9DLQ/xzYFAWeleHdGpc32R4yZwCd9VjoG1Cccc3l1KPRc6pjT0eVe5KjQrxsK48IZL5gaJPNrERxKSEK4I6dzecEk5U85QH_VppeoT1xIvjMs5G85j-ghCx-peRh0y6_2G6HEBIxbp4ZoU_gBKdZMTmmRGQ/LHLVzaCgNdwK3B9AUy09sMUDye71XG8FYJGrwKgdi-w),APARTAMENTO PARA VENDA EM TAMBAÚ,Publicado,https://juremabksimoveis.com.br/imoveis/apartamento-para-venda-em-tambau-6/
JP-3143,Apartamento,Apartamento para Venda em Cabo Branco - João Pessoa,"Viver em Cabo Branco é sinônimo de qualidade de vida, valorização e exclusividade. Agora imagine morar a apenas 55 metros da praia, em uma localização privilegiada, uma rua após o tradicional Bar do Cuscuz, com tudo ao seu redor.
Este excelente apartamento possui 44 m² muito bem distribuídos, em posição sul, garantindo ambientes mais frescos e agradáveis. O grande diferencial é a vista definitiva, proporcionando um cenário encantador e permanente.
O imóvel conta com 2 quartos, 1 banheiro social, sala para dois ambientes, varanda aconchegante e cozinha funcional, oferecendo praticidade e conforto tanto para moradia quanto para investimento.
Dispõe ainda de vaga privativa de garagem, agregando comodidade e segurança.
Ideal para morar, veranear ou investir em uma das áreas mais valorizadas da cidade, com altíssimo potencial de rentabilidade.
Agende sua visita e descubra o privilégio de viver a poucos passos do mar em Cabo Branco. 🌊",Venda,Em obras,Lançamento,Cabo Branco,2,1,0,44.0,"$0,00","R$655000,00",655000,https://juremabksimoveis.com.br/imoveis/apartamento-para-venda-no-cabo-branco-2/,3-1-e1770823126372.jpeg (https://v5.airtableusercontent.com/v3/u/51/51/1774296000000/2X9bpQUB0ELktt9vi0xzvQ/ipjkmX0CvdM7brVOzJWtq2CulysAT2x-QguL5ckZ-WTgwP_lGb6AKI5Z551K1WMWaZ5J0GV_OSt_ZzUamRfLTYadZzdBMgrT6u1GexLeSeAHU6mXFYcUhNs3_S43oJi1v9WcFk3Li7WzF8ClgQx-qw/rLhLwh-xoP7Oa2IhgqDZuT1BZTBrWT9Kog5we7RlGH0),APARTAMENTO PARA VENDA NO CABO BRANCO,Publicado,https://juremabksimoveis.com.br/imoveis/apartamento-para-venda-no-cabo-branco-2/
JP-3108,Apartamento,Apartamento para Venda em Tambaú - João Pessoa,"Viva o melhor de Tambaú a poucos passos do mar
Apresentamos este excelente apartamento à venda no coração de Tambaú, um dos bairros mais desejados da cidade, a apenas 150 metros da praia, ideal para quem busca conforto, sofisticação e qualidade de vida.
Com 142m² muito bem distribuídos, o imóvel passou por reforma completa e conta com projetados de alto padrão, oferecendo ambientes elegantes, funcionais e acolhedores. A posição nascente sul garante ventilação constante e iluminação natural, proporcionando mais bem-estar no dia a dia.
São 03 quartos, sendo 01 suíte, além de DCE completo, ideal para apoio ou uso versátil. O apartamento é semi mobiliado, já equipado com dois aparelhos de ar-condicionado, pronto para morar ou investir com tranquilidade.
O conforto se estende à área externa com duas vagas de garagem e depósito privativo, um diferencial raro e extremamente valorizado.
Tudo isso em uma localização estratégica, próximo aos principais serviços, restaurantes, comércio e à energia única de viver perto do mar.
✨ Um imóvel completo para quem deseja morar bem ou investir com segurança em Tambaú.
Agende sua visita e descubra o privilégio de chamar este endereço de lar.",Venda,Fase de acabamento,Lançamento,Tambaú,3,2,1,142.0,"$0,00","R$1000000,00",1000000,https://juremabksimoveis.com.br/imoveis/apartamento-para-venda-em-tambau-5/,20260203_145307-scaled.jpg (https://v5.airtableusercontent.com/v3/u/51/51/1774296000000/K_IEyX60CoWBVrmSyuoEag/og4qTHshf7r9AO-LvVg-ZTMSGF7tIhCjSWmdr2siLv4_fmxou0jYS_7psAhvcwEFSRvA_EvmhZeFVnvsDnNGN0Xd1-BjaB5qLNY-gJLdigTVkIacB15s63mgmmvuvVsBokTIJs3Im3a93TDJuFjqwg/M3EMUjIve2fAMmRENznU3uL1eGt-IJZ5_hQ7p2qKIdA),APARTAMENTO PARA VENDA EM TAMBAÚ,Publicado,https://juremabksimoveis.com.br/imoveis/apartamento-para-venda-em-tambau-5/
JP-3090,Apartamento,Apartamento para Venda em Jardim Luna - João Pessoa,"Condomínio Moderno com Lazer e Conveniência Completa
Este edifício foi cuidadosamente projetado para oferecer um estilo de vida prático, confortável e conectado às necessidades da vida moderna, reunindo lazer, trabalho, bem-estar e conveniência em um só lugar.
A área de piscina proporciona momentos de relaxamento e convivência, enquanto a academia equipada atende quem valoriza saúde e qualidade de vida sem sair de casa. O coworking oferece um ambiente funcional e elegante para trabalhar ou estudar com conforto e produtividade.
Pensando em toda a família, o condomínio conta com área kids, garantindo diversão e segurança para as crianças, além de uma área pet, ideal para o bem-estar dos animais de estimação.
Como diferencial de praticidade, o prédio dispõe ainda de mini mercado interno, trazendo mais comodidade para o dia a dia e otimizando o seu tempo.
Um condomínio completo, que une funcionalidade, lazer e conveniência, elevando o conceito de morar bem.
Aqui, cada detalhe foi pensado para facilitar a sua rotina e valorizar o seu estilo de vida.",Venda,Pronto,Lançamento,Jardim Luna,3,2,2,140.0,"$0,00","R$950000,00",950000,https://juremabksimoveis.com.br/imoveis/apartamento-para-venda-no-jardim-luna/,17.jpeg (https://v5.airtableusercontent.com/v3/u/51/51/1774296000000/JTwB-IjhbnKghcYJFlPiUw/FFSvUDtYMWn1wjeVqYq0ywzRqypFBpDfoDrrLwR7KQPIyYeIqaCq4GT7gzVpWNQMQJ6Pa9LvclvrsT9qn_8jcuUWqHm3DzJlZEZS7e7hnKuqZrTsJFZjb93Rg9g2IWpcjDskyN3aq29YPl_xD4zx_A/1I-tlKWdQcEIyMtPicgyxj2HN560RAXXkwb4t5A2u58),APARTAMENTO PARA VENDA NO JARDIM LUNA,Publicado,https://juremabksimoveis.com.br/imoveis/apartamento-para-venda-no-jardim-luna/
JP-3066,Apartamento,Apartamento para Venda em Jardim Oceania - João Pessoa,"Jardim Oceania (Argemiro de Figueiredo)
🏢 Apto todo projetado | 87m²
✨ Piso em porcelanato + projeto de iluminação
🛋️ Sala para 2 ambientes com varanda integrada e cortina de vidro retrátil
🛏️ 2 quartos (sendo 1 suíte com closet)
🚿 WC social
🍽️ Cozinha com área de serviço
🚗 2 vagas de garagem cobertas
🏊‍♂️ Prédio completo:
Elevador | Piscina | Área social | Salão de festas | Brinquedoteca | Bicicletário | Depósito individual | Portaria 24h | Câmeras | Gás encanado | Zelador
💰 Valor: R$ 750.000
🏢 Condomínio: R$ 860,00 (incluso água e gás)
🏷️ IPTU: R$ 546,00",Venda,Entregue,Lançamento,Jardim Oceania,2,2,1,87.0,"$0,00","R$750000,00",750000,https://juremabksimoveis.com.br/imoveis/apartamento-para-venda-no-jardim-oceania-2/,23-e1769632295397.jpeg (https://v5.airtableusercontent.com/v3/u/51/51/1774296000000/uzIwOd1YdpGe8JIJdkP8Nw/iETxSUypvedgPFF4er3PC5OVfapHht-qWEaX4k1OllbglUsbvaVTZDN0Q1S8-TOXCeIXyIVVWhPkx9wpjZ9oSx84uVr56uZLvq6wzzsfuvs1sUVFGDSNxuKfnhjqwdwEN_seSTTsAolLiu6iMvdtoQ/0EqOoOKeO-iTLb4gEhlEGXDbLWu0W1Cv6pMZK56b7C8),APARTAMENTO PARA VENDA NO JARDIM OCEANIA,Publicado,https://juremabksimoveis.com.br/imoveis/apartamento-para-venda-no-jardim-oceania-2/
JP-3047,Apartamento,Apartamento para Venda em Aeroclube - João Pessoa,"Este charmoso apartamento no bairro do Aeroclube é a escolha ideal para quem busca praticidade, conforto e uma planta bem distribuída em uma região em constante valorização.
Com 66,30 m² de área privativa, o imóvel está localizado no segundo andar e conta com varanda, proporcionando um ambiente agradável para relaxar no dia a dia. A área social é bem integrada, garantindo conforto e boa circulação.
São 2 quartos, sendo 1 suíte, oferecendo privacidade e funcionalidade, além de um excelente aproveitamento dos espaços. O apartamento dispõe ainda de 2 vagas de garagem, um diferencial importante que agrega comodidade e segurança.
Ideal para quem deseja morar bem ou investir com segurança em um bairro estratégico, próximo a serviços, comércios e de fácil acesso às principais vias da cidade.
Este edifício foi cuidadosamente projetado para oferecer um estilo de vida prático, confortável e conectado às necessidades da vida moderna, reunindo lazer, trabalho, bem-estar e conveniência em um só lugar.
A área de piscina proporciona momentos de relaxamento e convivência, enquanto a academia equipada atende quem valoriza saúde e qualidade de vida sem sair de casa. O coworking oferece um ambiente funcional e elegante para trabalhar ou estudar com conforto e produtividade.
Pensando em toda a família, o condomínio conta com área kids, garantindo diversão e segurança para as crianças, além de uma área pet, ideal para o bem-estar dos animais de estimação.
Como diferencial de praticidade, o prédio dispõe ainda de mini mercado interno, trazendo mais comodidade para o dia a dia e otimizando o seu tempo.
Um condomínio completo, que une funcionalidade, lazer e conveniência, elevando o conceito de morar bem.
Agende sua visita e descubra o equilíbrio perfeito entre conforto e localização no Aeroclube.",Venda,Pronto,Habite-se,Aeroclube,2,2,1,67.0,"$0,00","R$649000,00",649000,https://juremabksimoveis.com.br/imoveis/apartamento-para-venda-no-aeroclube/,3-6-e1769631491114.jpeg (https://v5.airtableusercontent.com/v3/u/51/51/1774296000000/8oaGJddw6dlAP9tGrQ8T1g/xqeWSvSSKftm_OoEff4YyrKF0zRrgGgLQl5EK5GxCrMoiEt6t2MgnXhqn_C88cTafrJJK0IT4yytsO5Y13YShtNzxpJR_TDLSfsnDf4PCstRNqqQcE0TXN4xafHNDvep5wFzOkM4zQwSHXTnpZI9Hw/_DmcNrLYZXl2Mm-mLEP7-nhxbqZzkLq-Elql2QLCWvA),APARTAMENTO PARA VENDA NO AEROCLUBE,Publicado,https://juremabksimoveis.com.br/imoveis/apartamento-para-venda-no-aeroclube/
JP-3033,Flat,Flat para Venda em Jardim Oceania - João Pessoa,"Modernidade, conforto e praticidade definem este empreendimento inovador que traz studios inteligentes, perfeitamente desenhados para quem busca qualidade de vida ou uma excelente oportunidade de investimento.
Localizado no ponto mais estratégico da praia do Bessa, em João Pessoa, o Storey Luxor Home Service une sofisticação à funcionalidade. Os studios são compactos na medida certa, com plantas inteligentes que otimizam cada metro quadrado, garantindo praticidade e bem-estar.
Na cobertura, o lazer sob medida surpreende: piscina com vista panorâmica, lounge relaxante e espaço gourmet que combinam perfeitamente com a vibe urbana do projeto. Pensado para a vida contemporânea, o empreendimento oferece:
Lavanderia compartilhada
Garagem privativa Infraestrutura para ar-condicionado
Central de gás
Elevador moderno
Além de ser uma excelente escolha para morar, o Storey Luxor Home Service é uma oportunidade única de investimento com retorno acima da média, especialmente pela sua localização estratégica próxima ao mar e por ser ideal para aluguel de temporada ou locações de longa duração. Seja para morar ou investir, o Storey Luxor é a combinação ideal entre estilo, praticidade e valorização imobiliária. -",Venda,Entregue,Habite-se,Jardim Oceania,0,1,1,22.0,"$0,00","R$289000,00",289000,https://juremabksimoveis.com.br/imoveis/flat-para-venda-no-jardim-oceania/,13-2-e1769630353276.jpeg (https://v5.airtableusercontent.com/v3/u/51/51/1774296000000/_-0NaUyP9V4H_0WlQNL7Bg/m4VY3AIog7tMs61prXOQhKUHW__dFsAbh8A9BYyeP4Xxv31TNbC-RucEkO437vO8GqNrOkVf5wEObrrLi85Dv_4BLNccdBLvIKvEk3QL3tTuWmwGj26lWziKFh-AFfnLIXz6aDPgWJRZHJmEPs6TQw/t9bVUX3en6aNUsK3Tfw8hAfaGqVFAIWIib_kuArsIEU),FLAT PARA VENDA NO JARDIM OCEANIA,Publicado,https://juremabksimoveis.com.br/imoveis/flat-para-venda-no-jardim-oceania/
JP-3019,Apartamento,Apartamento para Venda em Manaíra - João Pessoa,"Apartamento Mobiliado à Venda em Manaíra – Vista Mar Definitiva, Conforto e Excelente Rentabilidade
Viva ou invista em um dos bairros mais desejados da cidade. Este elegante apartamento em Manaíra reúne localização estratégica, conforto e uma vista definitiva para o mar de tirar o fôlego.
Com 54 m² muito bem distribuídos, o imóvel é totalmente mobiliado e conta com 1 quarto com varanda fechada, banheiro amplo, sala integrada com varanda e vista permanente para o mar, além de cozinha americana, moderna e funcional. A posição nascente sul garante ambientes mais frescos, ventilados e agradáveis ao longo do dia.
O apartamento dispõe ainda de fechadura digital, 1 vaga de garagem coberta e está a apenas quatro quadras do mar, unindo praticidade e qualidade de vida.
O condomínio oferece portaria 24 horas e uma área de lazer completa, pensada para proporcionar bem-estar e momentos especiais:


Cobertura com salão de festas de vista panorâmica, piscina adulto e infantil, sauna, espaço gourmet e banheiros masculino e feminino


Mezanino com academia equipada, espaço kids, salão de festas e banheiros masculino e feminino


Ideal para morar com conforto ou rentabilizar por temporada, com excelente potencial de rendimento mensal, em uma das regiões mais valorizadas da cidade.
💰 Condomínio: R$ 400,00
Uma oportunidade única de unir estilo de vida, valorização e retorno financeiro.
Agende sua visita e encante-se com cada detalhe deste imóvel em Manaíra. 🌊",Venda,Pronto,Fase de acabamento,Manaíra,1,1,1,54.0,"$400,00","R$550000,00",550000,https://juremabksimoveis.com.br/imoveis/apartamento-para-venda-em-manaira-3/,1-4.jpeg (https://v5.airtableusercontent.com/v3/u/51/51/1774296000000/iBS1e8MFgbhQOWG-XbyeIQ/4VLG0cxyg50IJ0m_Wx4NX263rgdtqSWulb9y7eXbJjS6dVxNFC0aMnixHQ4aGdo2PVKXpdrixiEoPtN-76C6ggl6K-vUDE7uEXhMScJpZjTtHfhYBGzrgohmSX7040-PUNbHOamnXPTVcXz_ma7rRA/32f1gdRRLOu38pZ0k22A78hgrLmyE7GuMwzJUl8r1wY),APARTAMENTO PARA VENDA EM MANAÍRA,Publicado,https://juremabksimoveis.com.br/imoveis/apartamento-para-venda-em-manaira-3/
JP-3006,Flat,Flat para Venda em Bessa - João Pessoa,"Flat Beira-Mar à Venda no Bessa – Vista Permanente, Estilo de Vida e Excelente Investimento
Uma oportunidade única à beira-mar do Bessa, para quem deseja viver ou investir em um dos endereços mais valorizados da cidade. Imagine acordar todos os dias com a vista do mar e o som das ondas como parte da sua rotina.
Este charmoso flat conta com 34 m² de área privativa, além de aproximadamente 10 m² de área externa exclusiva, proporcionando um diferencial raro: espaço ao ar livre com vista para o mar, perfeito para relaxar ou receber amigos.
O imóvel dispõe de sala integrada à cozinha, quarto com suíte reversível e uma planta funcional, ideal tanto para moradia quanto para locação por diária, atendendo perfeitamente ao público turístico e corporativo. O prédio possui cerca de 15 anos de construção, bem localizado e consolidado.
A localização beira-mar no Bessa é simplesmente privilegiada, com fácil acesso a restaurantes, serviços, comércios e tudo o que torna a região uma das mais desejadas da cidade.
✨ Ideal para morar, veranear ou investir com excelente potencial de rentabilidade.
💰 Valor do investimento: R$ 360.000,00🏢 Condomínio: R$ 580,00
Uma oportunidade rara de adquirir um imóvel frente mar, com versatilidade, valorização garantida e um estilo de vida único.
Agende sua visita e descubra o privilégio de viver de frente para o mar. 🌊",Venda,Na planta,Lançamento,Bessa,1,1,1,44.0,"$580,00","R$360000,00",360000,https://juremabksimoveis.com.br/imoveis/flat-para-venda-na-beira-mar-do-bessa/,10-2-e1769091471386.jpeg (https://v5.airtableusercontent.com/v3/u/51/51/1774296000000/kMJ--FrQ9AqUP1OsZxbg1Q/YYRt4VHCjjdAOtndXoMcQlH6Cr9GYVK3ZEXRfEnIOmkF9aFDy_SoS0Q7gW4wYisDh9KWSpfn5htJQMkrp4LMX6YJ9UDLWulvVdKQbXYqg9eyGUODZBFkIAPTWPOtw5fRNWTE-vHe8hqjSqNmTJfgoA/sPa8wH_Jcqk2ppAgH9Z23y3ALrQlKUb0mUeq374PIXk),FLAT PARA VENDA NA BEIRA-MAR DO BESSA,Publicado,https://juremabksimoveis.com.br/imoveis/flat-para-venda-na-beira-mar-do-bessa/
JP-2927,Casa,Casa para Venda em Bessa - João Pessoa,"Casa à Venda no Bessa – Amplitude, Conforto e Lazer para Toda a Família
Localizada em uma das áreas mais valorizadas do bairro do Bessa, esta belíssima residência se destaca pela excelente distribuição dos ambientes, generosos espaços e uma estrutura pensada para oferecer conforto, funcionalidade e momentos inesquecíveis.
Com 298 m² de área construída, a casa apresenta, no térreo, uma planta extremamente bem resolvida, composta por 2 quartos e 1 suíte, sala ampla para três ambientes, perfeita para integrar estar, jantar e convivência, além de DCE completa, área de serviço independente e 2 banheiros sociais, garantindo praticidade ao dia a dia.
No primeiro andar, o imóvel dispõe de 3 quartos, sendo 2 suítes, uma aconchegante sala de estar, escritório, ideal para home office, área externa ampla e um elegante varandão, que valoriza a ventilação, a iluminação natural e o bem-estar.
A área de lazer é um verdadeiro convite ao convívio: piscina, espaço gourmet com churrasqueira, quintal na parte posterior da casa, perfeito para receber amigos e desfrutar momentos especiais, além de vaga para pelo menos 5 automóveis, oferecendo conforto e segurança.
Uma casa completa, ideal para quem busca espaço, lazer e qualidade de vida em um dos bairros mais desejados da cidade.
Agende sua visita e encante-se com cada detalhe desta excelente oportunidade no Bessa.",Venda,Em obras,Lançamento,Bessa,4,4,3,293.0,"$0,00","R$1100000,00",1100000,https://juremabksimoveis.com.br/imoveis/casa-para-venda-no-bessa/,32-1.jpg (https://v5.airtableusercontent.com/v3/u/51/51/1774296000000/-yD81oK6uuAVV3zY6-uLOg/NAr4LcGBcDXZZXV5jYhbFdKkLmHVcqgQ4sRvf7n62NodrwnHsRIttfy93mfktPiSoCfdV4VfdG2qcUm5Q32cNh85jH3xHcfIdhpIPXGqnbLet-qfJJ1uzX8w10fzxcKbCRlH3EQRW8AAzd3g1gUZ6g/r2ZuRBT2_3srShK6eqzuoXy-NbYQ9bJUrJw-b_O4Hy8),CASA PARA VENDA NO BESSA,Publicado,https://juremabksimoveis.com.br/imoveis/casa-para-venda-no-bessa/
JP-2889,Apartamento,Apartamento para Venda em Altiplano - João Pessoa,"Apartamento à Venda no Altiplano – Sofisticação, Conforto e Exclusividade
Localizado no Altiplano, um dos bairros mais nobres e valorizados da cidade, este apartamento é a combinação perfeita entre elegância, funcionalidade e qualidade de vida.
Com 80 m² muito bem aproveitados, o imóvel dispõe de 3 quartos, sendo 1 suíte, além de uma confortável sala de estar e jantar, ideal para receber com charme e aconchego. A cozinha funcional conta com despensa e banheiro de serviço, oferecendo ainda mais praticidade ao dia a dia.
Totalmente projetado e planejado, o apartamento apresenta acabamentos de bom gosto, marcenaria sob medida e uma ambientação moderna e sofisticada. Será vendido em porteira fechada, proporcionando comodidade imediata para quem deseja mudar sem preocupações.
O imóvel conta ainda com 2 vagas de garagem, um diferencial importante que agrega conforto e segurança.
Uma excelente oportunidade para morar com exclusividade ou investir com segurança em um dos endereços mais desejados da cidade.
O edifício oferece uma estrutura de lazer completa, pensada para proporcionar bem-estar, diversão e praticidade em todos os momentos do dia, sem sair de casa.
A ampla área de piscina, com conceito estilo resort, convida ao relaxamento e aos momentos de lazer com a família e amigos. Para os amantes de esportes, o condomínio dispõe de mini campo de futebol, ideal para atividades ao ar livre e integração entre moradores.
As crianças contam com uma área kids segura e planejada, enquanto os encontros sociais ganham um toque especial na área gourmet e no elegante salão de festas, perfeitos para celebrar ocasiões especiais com conforto e sofisticação.
Completando a estrutura, o prédio oferece academia equipada, promovendo saúde e qualidade de vida, além de um mercado interno, que garante praticidade e conveniência no dia a dia.
Um condomínio que reúne lazer, conforto e funcionalidade, elevando o conceito de morar bem.
Aqui, cada detalhe foi pensado para valorizar seu tempo e seu estilo de vida.",Venda,Pronto,Lançamento,Altiplano,3,2,1,80.0,"$800,00","R$680000,00",680000,https://juremabksimoveis.com.br/imoveis/apartamento-para-venda-no-altiplano/,14.jpg (https://v5.airtableusercontent.com/v3/u/51/51/1774296000000/FinvbY9YiH3cUHohS2JklA/IQHcPnCx5uKgcn_XGlHMd1DVrJJ4mJrHtKsn_bWWMe-V9pzU-ZF8iHo8B6LJ0DDq-3eqn_b6xPYbgcMAEKfDd7QDDbnji4pk9YreV80ifd1Qu3G4mSNffT6t0o1qW-POUBe_tw8wcG75W3NtNhMyjw/XJA-3CAuV3TOHe44nHS47n83Uvj7TM13iLMd2wxCgoA),APARTAMENTO PARA VENDA NO ALTIPLANO,Publicado,https://juremabksimoveis.com.br/imoveis/apartamento-para-venda-no-altiplano/
JP-2844,Apartamento,Apartamento para Venda em Manaíra - João Pessoa,"Apartamento Semi-Mobiliado à Venda – Conforto, Estilo e Lazer Completo
Este belíssimo apartamento semi-mobiliado é a escolha ideal para quem busca sofisticação, funcionalidade e qualidade de vida em um só lugar.
Com 91 m² muito bem distribuídos, o imóvel conta com 3 quartos, sendo 1 suíte com closet, oferecendo conforto e privacidade na medida certa. A posição nascente sul garante excelente ventilação e iluminação natural, proporcionando ambientes mais agradáveis ao longo do dia.
A sala para dois ambientes integra-se harmoniosamente à cozinha americana, criando um espaço moderno e acolhedor, perfeito para receber amigos e aproveitar momentos especiais. O apartamento dispõe ainda de lavabo, área de serviço funcional e 01 vaga de garagem, atendendo com praticidade às necessidades do dia a dia.
Como grande diferencial, o condomínio oferece uma área de lazer completa na cobertura, com piscina, academia equipada e salão de festas, proporcionando uma experiência de morar com conforto, lazer e exclusividade.
Uma excelente oportunidade para quem deseja morar bem ou investir com segurança.
Agende sua visita e encante-se com cada detalhe deste imóvel!",Venda,Pronto,Lançamento,Manaíra,3,1,1,91.0,"$630,00","R$660000,00",660000,https://juremabksimoveis.com.br/imoveis/apartamento-para-venda-em-manaira-2/,12-1.jpeg (https://v5.airtableusercontent.com/v3/u/51/51/1774296000000/vgcL_G_waR7iFiI7TAJMNQ/Ndmk-_bTd_rFS9tTasRkIs4LROBWqFpjhi5sNVjPdbObbR-wokvQP1F7v5KDkfGdtKjNkvKi3kGplr-fjQHl1GTiNK3LctLVmahkRTCST8GflPM-XKjPd3LtcfbR2LMGWTiiKiZg4LvBOxN5vXTYYQ/113YMxzt8GkJ2hSPTYjNdgEe3yPBC5OCmDEEarp6e3A),APARTAMENTO PARA VENDA EM MANAÍRA,Publicado,https://juremabksimoveis.com.br/imoveis/apartamento-para-venda-em-manaira-2/
JP-2828,Apartamento,Apartamento para Venda em Tambaú - João Pessoa,"Apartamento à Venda em Tambaú – Conforto, Versatilidade e Localização Estratégica

Viva com praticidade e qualidade de vida no coração de Tambaú, em um apartamento que une conforto, funcionalidade e excelente infraestrutura.

Com 85 m² muito bem distribuídos, o imóvel está localizado em andar alto, em prédio com 18 andares, oferecendo ótima ventilação, iluminação natural e uma vista mais agradável. A posição sul garante ambientes mais frescos e confortáveis ao longo do dia.

O apartamento dispõe de 03 quartos, sendo 01 suíte, 01 quarto reversível e 01 DCE completa, que pode ser facilmente transformada em um 4º quarto, home office ou espaço multiuso, atendendo perfeitamente às necessidades da vida moderna.

A sala em L, ampla e elegante, integra-se à varanda estendida com cortina de vidro, criando um ambiente ideal para receber amigos, relaxar ou desfrutar de momentos especiais com conforto e sofisticação.

Conta ainda com 01 vaga de garagem e um condomínio completo, que oferece:

Salão de festas climatizado

Área externa totalmente reformada

Piscina com espaço gourmet e churrasqueira

Mini market, trazendo mais comodidade ao dia a dia

Localização privilegiada, próximo ao Colégio Motiva, cercado por serviços, comércios, restaurantes e tudo o que faz de Tambaú um dos bairros mais valorizados da cidade.

Uma oportunidade única para morar bem ou investir com segurança.

Agende sua visita e descubra seu novo endereço!",Venda,Em obras,Em obras,Tambaú,3,1,1,85.0,"$701,00","R$700000,00",700000,https://juremabksimoveis.com.br/imoveis/apartamento-para-venda-em-tambau-4/,6-1-e1768228070354.jpeg (https://v5.airtableusercontent.com/v3/u/51/51/1774296000000/HCwDfzvDgKZixX1m6Bt9Hg/K0FI4hJ_Ayh7hZ671ekt060zn-mJkEtJ5HjXkLSKKo8D5vRxVFSdttVIEoKvMDlJ18RWIh2-dI2pfjiom_lCf3XgboQaywfxMXA6YlrmoAftQDRDjrM1lS9xaEC8sSNk24n1X6vu8mVvSjhnW8SgqA/85hR5my9fUDsfWlKL82eBWSTi8W1uJsA_Oz4J8lFaPY),APARTAMENTO PARA VENDA EM TAMBAÚ,Publicado,https://juremabksimoveis.com.br/imoveis/apartamento-para-venda-em-tambau-4/
JP-2820,Apartamento,Apartamento para Venda em Jardim Oceania - João Pessoa,"Apartamento à Venda no Jardim Oceania – Sofisticação, Conforto e Localização Privilegiada

Descubra o equilíbrio perfeito entre conforto, funcionalidade e excelente localização neste belíssimo apartamento no Jardim Oceania, um dos bairros mais desejados da cidade.

Com 100 m² muito bem distribuídos, o imóvel conta com 3 quartos, todos suítes, além de dependência completa de empregada (DCE), oferecendo praticidade e versatilidade para o dia a dia. Localizado em andar médio-alto, proporciona ótima ventilação, iluminação natural e uma agradável sensação de privacidade.

A posição sul garante um clima mais ameno e confortável durante todo o ano. O apartamento dispõe ainda de duas vagas de garagem, um diferencial importante que agrega comodidade e segurança.

Ideal para quem busca morar com qualidade de vida, próximo à praia, com fácil acesso a serviços, comércios, escolas, supermercados e tudo o que o Jardim Oceania oferece de melhor.

💰 Valor: R$ 800.000,00

Uma excelente oportunidade para viver bem ou investir com segurança em uma das regiões mais valorizadas da cidade.

Condomínio com piscina, elevador, quadra poliesportiva, churrasqueira, espaço gourmet, academia, bicicletário, brinquedoteca, piscina para adulto, piscina infantil e acesso para deficientes.",Venda,Na planta,Habite-se,Jardim Oceania,3,2,3,100.0,"$0,00","R$800000,00",800000,https://juremabksimoveis.com.br/imoveis/apartamento-para-a-venda-no-jd-oceania/,2-e1767645063228.jpeg (https://v5.airtableusercontent.com/v3/u/51/51/1774296000000/OTvT-cXVyQC7gZ_7TX21nA/lTzzl_oSGtvg2IUehA987BVUj8LYpbwrghP7nerwVFjCMidtRv4e0FOkRGJEFRZ4t4svWJFPD10Aaq9oHSyXeFBpqYrTxxdQM4KVNdT52sULPBEO3NEf24caqBjQVXdkXU0ohb93y_6a7PeNGCyZbA/6aRucKXTRQkT0uC3buSp0_6QXFcSS0Yu4O9X2fDe1Ko),APARTAMENTO PARA A VENDA NO JD. OCEANIA,Publicado,https://juremabksimoveis.com.br/imoveis/apartamento-para-a-venda-no-jd-oceania/
JP-2812,Flat,Flat para Venda em Jardim Oceania - João Pessoa,"Excelente oportunidade para quem busca um investimento seguro ou um refúgio à beira-mar. Flat pé-na-areia, localizado em uma das áreas mais valorizadas do Jardim Oceania, com acesso direto à praia.
Com 22m² muito bem aproveitados, o imóvel possui posição sul, garantindo conforto térmico e ventilação agradável. Totalmente projetado e mobiliado, cada detalhe foi pensado para oferecer funcionalidade, elegância e praticidade, pronto para uso imediato ou rentabilização.
Ideal para moradia, lazer ou investimento em locações de curta e longa temporada, em um endereço que une exclusividade, conveniência e qualidade de vida.
Entre em contato para mais informações e agende sua visita a este excelente produto imobiliário.
Com vista para a cidade, Alta Garden - Praia Exclusiva - Pé na areia, em João Pessoa, oferece acomodação, piscina ao ar livre, academia, área de praia privativa, lounge compartilhado e bar. Alta Garden - Praia Exclusiva - Pé na areia disponibiliza Wi-Fi e estacionamento privativo de graça.",Venda,Em obras,Pré-lançamento,Jardim Oceania,0,0,1,22.0,"$0,00","R$460000,00",460000,https://juremabksimoveis.com.br/imoveis/flat-para-venda-no-jd-oceania/,4-2-e1766420421416.jpeg (https://v5.airtableusercontent.com/v3/u/51/51/1774296000000/jeIBlWy6kYcJIGMDnVsvtQ/EC6nO-GAccVsqEwsJQENKIlNCteDuu8OaN2uY0JRFzCadMnBXOYeYO7RqieQPPxEaKEMnrVXWvpHUgKjfwhC5zsatha0K4ZsTG8xzGELBSdFkF9wHWUWJ4RkKbMqXkp7jJ1xAV_xuZIHONSqUIdzVA/4_Ef27VvoO315BQZwea_ms_GrtBAwBvTdGgqYU319T8),FLAT PARA VENDA NO JD. OCEANIA,Publicado,https://juremabksimoveis.com.br/imoveis/flat-para-venda-no-jd-oceania/
JP-2803,Apartamento,Apartamento para Venda em Bessa - João Pessoa,"Apartamento à venda no Bessa – Porteira Fechada 🔐 | Prédio Novo
Excelente oportunidade para quem busca conforto, sofisticação e localização privilegiada. Apartamento totalmente mobiliado (porteira fechada), em prédio novo com apenas 2 anos de construção, pronto para morar.
Com 59,17m², o imóvel é muito bem distribuído em 2 quartos, sendo 1 suíte, sala de estar e jantar integradas, varanda gourmet ampla, cozinha funcional, área de serviço e WC social.
Conta com móveis projetados novos na sala, cozinha e banheiros, além de cooktop, ar-condicionado na suíte e iluminação em LED. Localizado em andar alto, com posição Sul/Nascente, garantindo excelente ventilação e conforto térmico.
Possui 1 vaga de garagem coberta e um completo área de lazer, com piscina, salão de festas, espaço gourmet, mini quadra poliesportiva, espaço para academia e brinquedoteca.
Um imóvel completo, moderno e pronto para morar em um dos bairros mais valorizados da cidade.
Entre em contato para mais informações ou agende sua visita.",Venda,Entregue,Pré-lançamento,Bessa,2,1,1,59.0,"$0,00","R$525000,00",525000,https://juremabksimoveis.com.br/imoveis/apartamento-para-venda-no-bessa/,2-1-scaled-e1766417802914.jpeg (https://v5.airtableusercontent.com/v3/u/51/51/1774296000000/ZIw2FX033U2yJbeomhJNFA/os1rte9MenslF7Fr6HBjF5RdZH_gY_fkdPeVGyYNf8lwnhboyOV16Po2Pu4nKyU5LhSJa7z0H_Lsn_gOtULybvAYp1R6cvAqMLcJcmX4f1eqA1ltoDCd2LdVn5evuFroqYCVrD3dUxB76L3cj3IegA/YyMqGrluMZes1r1wPcJWnUiPHbtXgJj-CjlY7TDx_nc),APARTAMENTO PARA VENDA NO BESSA,Publicado,https://juremabksimoveis.com.br/imoveis/apartamento-para-venda-no-bessa/
JP-2795,Apartamento,Apartamento para Venda em Jardim Oceania - João Pessoa,"Excelente oportunidade para quem busca exclusividade, conforto e uma vista privilegiada. Localizado em uma região estratégica, próximo ao Dona Branca, este belíssimo apartamento oferece vista definitiva para o mar, proporcionando um cenário único e permanente.

Com 163,6 m² de área privativa, o imóvel possui ambientes amplos e muito bem distribuídos. São 3 suítes, garantindo privacidade e conforto, além de dependência completa de empregada (DCE). A cozinha e a área de serviço são funcionais e bem ventiladas, integradas a uma planta pensada para o dia a dia.

A sala ampla, aliada a uma varanda generosa, cria um espaço perfeito para receber amigos e desfrutar de momentos especiais, sempre com excelente iluminação natural. O apartamento conta com posição nascente sul, proporcionando ventilação constante e clima agradável.

Possui ainda móveis planejados, que agregam sofisticação, praticidade e ótimo aproveitamento dos espaços, além de 2 vagas de garagem, oferecendo mais comodidade e segurança.

Um imóvel único para quem deseja morar com qualidade de vida, conforto e uma vista espetacular do mar. O prédio conta com piscina e área de churrasqueira.",Venda,Na planta,Lançamento,Jardim Oceania,3,2,3,164.0,"$1000,00","R$1250000,00",1250000,https://juremabksimoveis.com.br/imoveis/apartamento-para-venda-no-jardim-oceania/,6-e1765980089845.jpeg (https://v5.airtableusercontent.com/v3/u/51/51/1774296000000/5xQaCjHXISx5ffPHFzIdCg/oVVgHpER4iCSfhk3N14VKeND-PFCEERTBIXcGorlvoF_Nr7Od5mJAMeFS-jgGlNoq9xGEeGvc__hRqAngB4NlotDoTp4B-K7O08fe76OPUPRb1PP0JmvAa8FWr9T1z9lcXKvQN1wMnhyitkRwVmkIg/ys_F6vnGSZLEv3h0dgrTT8xyXr0p1J5lAFSP-M-Xxs4),APARTAMENTO PARA VENDA NO JARDIM OCEANIA,Publicado,https://juremabksimoveis.com.br/imoveis/apartamento-para-venda-no-jardim-oceania/
JP-2773,Apartamento,Apartamento para Venda em Tambaú - João Pessoa,"Excelente oportunidade para quem busca conforto, praticidade e bom gosto. Este apartamento possui 50 m² muito bem distribuídos, com posição nascente, garantindo ótima iluminação natural e ventilação agradável durante todo o dia. Fica a 300m da praia!

O imóvel conta com 02 quartos, sendo 01 suíte, 02 banheiros, e uma charmosa varanda gourmet, perfeita para momentos de lazer e confraternização. Totalmente mobiliado e projetado, oferece ambientes modernos, funcionais e prontos para morar, sem necessidade de investimentos adicionais.

Dispõe ainda de 01 vaga de garagem, proporcionando mais comodidade e segurança.

Ideal para morar ou investir, unindo conforto, praticidade e excelente aproveitamento dos espaços.

O prédio oferece uma infraestrutura pensada para proporcionar conforto, praticidade e qualidade de vida aos moradores. Conta com uma área de lazer completa, incluindo piscina, academia equipada e um exclusivo sky lounge, ideal para momentos de relaxamento e contemplação.

Para facilitar o dia a dia, o condomínio dispõe de mercado interno e restaurante, trazendo ainda mais comodidade e praticidade sem precisar sair de casa. As famílias contam com uma aconchegante área kids, garantindo diversão e segurança para as crianças.

Além disso, o prédio oferece sala de reunião e sala de estudos, perfeitas para quem precisa de um ambiente tranquilo e funcional para trabalho, reuniões ou estudos.

Um empreendimento que une lazer, conveniência e bem-estar em um só lugar, ideal para quem valoriza conforto e modernidade.",Venda,Fase de acabamento,Lançamento,Tambaú,2,1,1,50.0,"$1000,00","R$900000,00",900000,https://juremabksimoveis.com.br/imoveis/2773/,WhatsApp-Image-2025-12-15-at-19.20.33-e1765979064984.jpeg (https://v5.airtableusercontent.com/v3/u/51/51/1774296000000/o5xeC6q9DtyTZpTgNY4ZIg/B7TLzM2_Q_a3JPuHdCV7jySh4aUibgPO4Rl898usj8dYw1dMI7hq_sJ27ig2yWMWpc2BwooEjBCoRRUvZMclx4HxqQfR7DWpUb3g6JwbcZWCPnilSUPenXlgPjB6zLuCUnERhNYqfUoNajR-YIAk0Q/8yhW3Nqy-S_X-2zWXO2fx9J69mubEhRGzffs3rNUAIs),APARTAMENTO PARA VENDA EM TAMBAÚ,Publicado,https://juremabksimoveis.com.br/imoveis/2773/
JP-2748,Apartamento,Apartamento para Venda em Manaíra - João Pessoa,"Excelente apartamento à Venda em Manaíra

Apresentamos este excelente apartamento localizado em uma das áreas mais valorizadas de Manaíra, ideal para quem busca conforto, espaço e qualidade de vida. Com 210 m² de área privativa, o imóvel oferece uma planta ampla e bem distribuída, perfeita para famílias que valorizam ambientes generosos e bem iluminados.

O apartamento conta com 4 suítes, proporcionando privacidade e comodidade para todos os moradores, além de dependência completa de empregada (DCE), agregando ainda mais funcionalidade ao dia a dia. Situado em andar médio alto, o imóvel garante ótima ventilação e uma vista agradável.

Com posição nascente sul, o apartamento recebe iluminação natural suave e ventilação constante, tornando os ambientes mais frescos e confortáveis ao longo do dia.

Uma excelente oportunidade para morar com elegância e praticidade em um dos bairros mais desejados de João Pessoa.",Venda,Fase de acabamento,Lançamento,Manaíra,4,2,4,210.0,"$1722,00","R$870000,00",870000,https://juremabksimoveis.com.br/imoveis/apartamento-para-venda-em-manaira/,13-3.jpg (https://v5.airtableusercontent.com/v3/u/51/51/1774296000000/4SFk8vTGB6mR0WQfaViOag/ksX5rLy8inqHhKQ5-0tIqLULTYxbFbBTqBgmyFoYisg9N34omUk8KIixT0C5FuVUfcs34t05U3rlhFMHyL-qJL5AH_i0G6aT6wb4ZnrQSD6H4xHHEtLGtT_0vFPR0ybAyjFrAD7ddgMNO-mHD2Cp3A/xgDBw-JFkoS-5ClgOt-_ZbFnrKVAOBCcN_0PcbrVlEA),APARTAMENTO PARA VENDA EM MANAÍRA,Publicado,https://juremabksimoveis.com.br/imoveis/apartamento-para-venda-em-manaira/
JP-2720,Apartamento,Apartamento para Venda em Tambaú - João Pessoa,"Localizado em uma das áreas mais privilegiadas de Tambaú, este amplo apartamento de 175 m² oferece conforto, praticidade e uma excelente qualidade de vida. Próximo a todos os principais serviços essenciais, você terá conveniência e mobilidade sem abrir mão da tranquilidade e do charme do bairro.

O imóvel é todo projetado, com uma distribuição inteligente dos espaços. São 4 quartos, sendo 3 suítes, proporcionando privacidade e conforto para toda a família. A posição nascente sul garante ótima iluminação natural e ventilação ao longo do dia.

A sala é ampla e acolhedora, com espaço para 3 ambientes, perfeita para receber amigos e familiares. O apartamento conta ainda com 2 vagas de garagem, garantindo segurança e praticidade.

Um imóvel completo, sofisticado e muito bem localizado — ideal para quem busca morar perto do mar com conforto e estilo.

Prédio com 03 elevadores, sauna, piscina, área gourmet, academia, salão de festas e portaria 24h.",Venda,Em obras,Lançamento,Tambaú,4,2,3,175.0,"$1384,00","R$1450000,00",1450000,https://juremabksimoveis.com.br/imoveis/apartamento-para-venda-em-tambau-3/,28-e1764715317428.jpg (https://v5.airtableusercontent.com/v3/u/51/51/1774296000000/f7fXAUC951CLVXtaBgNk4g/9g4eXC6LzZO0LtXZLmqtCL3shaWq46JHSedCJQfQ6Cod2Hy7mS6SKooT_Kpipr1THW0jZbJqI7R468y0vvyULOG0P-O9ucPps9xnM_rVnFJi1Uvchh0ddKBrjZ61GXpR-zvClH1dGAq8UnIieq7SlA/EvswMoPgw1blGxUhe1iOlX-55PONwDR5l_bzJFpsNW4),APARTAMENTO PARA VENDA EM TAMBAÚ,Publicado,https://juremabksimoveis.com.br/imoveis/apartamento-para-venda-em-tambau-3/
JP-2701,Apartamento,Apartamento para Venda em Tambaú - João Pessoa,"Viver em Tambaú com a comodidade de estar dentro de um shopping e a poucos metros do mar.
Um residencial completo, moderno e com área de lazer incrível para você aproveitar o melhor da vida.

Apartamento com 02 quartos, wc social, sala, cozinha e 01 vaga na garagem.",Venda,Na planta,Lançamento,Tambaú,2,1,0,50.0,"$0,00","R$650000,00",650000,https://juremabksimoveis.com.br/imoveis/apartamento-para-venda-em-tambau-2/,16-e1764715378647.jpg (https://v5.airtableusercontent.com/v3/u/51/51/1774296000000/dFoH1TKCT3Vh2vHjBegm0w/3bEqTNboO8Ze6irjulppwL6z3cRCcPnTcVzFgsGxMT2t8FcfAN9a4kmAdWSptGsK0NDqd1n3lKFp_UDsqALeWWcJQYvlWC0dj2VMaBcmUHQaP0fhLNa0F23q2UZy7d89ZiDjTo-wWlx6Eih78IaeGw/F23BhJfxgqxWs_i0SUT_QbjO3lPGGHuZamxJ6-zDM1k),APARTAMENTO PARA VENDA EM TAMBAÚ,Publicado,https://juremabksimoveis.com.br/imoveis/apartamento-para-venda-em-tambau-2/
JP-2689,Imóvel,Imóvel para Venda em Intermares - João Pessoa,"Encante-se com esta belíssima residência localizada em um dos condomínios mais desejados de Intermares. Com 352 m², a casa oferece amplitude, conforto e um projeto pensado para quem busca qualidade de vida.

São 05 suítes, proporcionando privacidade e comodidade para toda a família, além de 04 vagas de garagem. O imóvel conta com um solário perfeito para apreciar a vista do pôr do sol, criando momentos únicos todos os dias.

A área externa abriga uma piscina privativa, ideal para lazer e relaxamento. Internamente, a casa dispõe de uma cozinha ampla, funcional e integrada, perfeita para quem gosta de receber e cozinhar com praticidade.

Um lar completo, moderno e acolhedor, dentro de um condomínio fechado que oferece segurança e tranquilidade a poucos minutos da praia.

Condomínio com área de lazer completa: *Quadra de tênis *Quadra poliesportiva *Quadra de vôlei de areia *Campo de futebol society *Academia de ginástica equipada *Sauna *Piscina baby *Piscina infantil *Piscina com raias *Bloco SPA, com sauna inclusa *Bloco social, salão de festas e gourmet *Kids club. 


Infra estrutura com: *Entrada independente para moradores e visitantes *Guarita e bloco de apoio para administração (sala síndico, copa, banheiros e depósitos) *Bloco esportivo, que serve de apoio às quadras. -",Venda,Fase de acabamento,Lançamento,Intermares,4,4,4,352.0,"$0,00","R$3000000,00",3000000,https://juremabksimoveis.com.br/imoveis/casa-para-venda-condominio-fechado/,11-2-e1764715434940.jpg (https://v5.airtableusercontent.com/v3/u/51/51/1774296000000/GPOJqJsgrb_-V0Ar9M03mA/3iw3TwXLoLDDFVGgC6I6GRUbkZRNiqvh07iH5uHxxdiZXs2aUaImdSuZQp6ulUdLFfFoCkS7T_tzvEqq4Yyc8ZmsSydlYQU1LRJxb6uKq2YpYRT3oeF0lstJ50tJGXhEKy6gjyNLtFhyXNVCE0sDzQ/u_9pVzHMhNwo_psAHLerbzeGTNtOV8sXZVtAcdnSBGQ),CASA PARA VENDA CONDOMÍNIO FECHADO,Publicado,https://juremabksimoveis.com.br/imoveis/casa-para-venda-condominio-fechado/
JP-2677,Apartamento,Apartamento para Venda em Cabo Branco - João Pessoa,"🏖️ Apartamento à Venda no Cabo Branco – A apenas 50 metros da praia!

Descubra o conforto de morar em um dos endereços mais desejados de João Pessoa. Este excelente apartamento, com 82 m², oferece uma planta ampla e funcional, composta por 03 quartos, sendo 01 suíte, 03 banheiros e 02 vagas de garagem.

Com posição nascente, o imóvel é naturalmente ventilado e iluminado, garantindo bem-estar em todos os ambientes. Totalmente mobiliado e projetado, conta com acabamentos de qualidade e móveis planejados que valorizam cada espaço.

Perfeito para quem busca morar perto do mar com praticidade, conforto e estilo. Uma oportunidade única no Cabo Branco!",Venda,Entregue,Lançamento,Cabo Branco,3,2,1,82.0,"$0,00","R$770000,00",770000,https://juremabksimoveis.com.br/imoveis/apartamento-para-venda-no-cabo-branco/,5-2-scaled.jpg (https://v5.airtableusercontent.com/v3/u/51/51/1774296000000/LpFSVf1jOS7BhmGT7XtU1w/6ezNBzlhsPm_Z6mMZ112g2PeImyVRc-CNqGMagf-2QDcLzv7vjIh8-3N-2iqsNyV7q9I1hBPsHBcm91CfiirAN42wdhqSlo_Hl_lR8ifyFedidw2BTeGI9-o6qFvQTmo0kaenDOFpGRzozDBdwPAxg/OYSJ2bZSQVgRVttTJDcR4NbXoTthz6JuE1VwgPI_nsY),APARTAMENTO PARA VENDA NO CABO BRANCO,Publicado,https://juremabksimoveis.com.br/imoveis/apartamento-para-venda-no-cabo-branco/
JP-2663,Apartamento,Apartamento para Venda em Tambaú - João Pessoa,"Excelente oportunidade no coração de Tambaú!
O imóvel conta com 50 m², 02 quartos, sendo 01 suíte, além de 01 vaga de garagem.
Ambiente funcional, bem distribuído e ideal para quem busca praticidade e qualidade de vida em um dos bairros mais valorizados de João Pessoa.

O prédio oferece uma infraestrutura completa pensada para proporcionar conforto, lazer e praticidade no dia a dia. Conta com um amplo salão de festas, ideal para comemorações; espaço gourmet moderno para receber amigos e familiares; além de uma academia equipada para treinos diários. Dispõe também de lavanderia compartilhada, trazendo ainda mais conveniência aos moradores. Para momentos de relaxamento, a piscina completa o conjunto, garantindo bem-estar e lazer sem sair de casa.

Perfeito para morar ou investir!",Venda,Na planta,Lançamento,Tambaú,2,1,1,50.0,"$0,00","R$600000,00",600000,https://juremabksimoveis.com.br/imoveis/apartamento-para-venda-em-tambau/,1-1.jpg (https://v5.airtableusercontent.com/v3/u/51/51/1774296000000/UNzbE0I0R-rkGbvRJDm7AQ/yKg-Wvhfz7P6LguxdSDA--PCqe25cVt4E77Nfd2YTwxfi84_OvVKt7MnpenPvFIe62hsWE8QFw1KqGlEGd8IixaojsmNGGH2by4pJ0lioAOrDfk5SF_0jTtJcGCJyDDa9NsV4KnYgPYOHzuGO_0NLg/vDFZQ6j4ZP37CmrOQa7iWS-xD_6FVNXIoyUM0ovquhY),APARTAMENTO PARA VENDA EM TAMBAÚ,Publicado,https://juremabksimoveis.com.br/imoveis/apartamento-para-venda-em-tambau/
JP-2656,Apartamento,Apartamento para Venda em Dos Estados - João Pessoa,"Apartamento à venda no Bairro dos Estados!
88m² muito bem distribuídos, com 03 quartos (sendo 01 suíte), DCE completo, e vaga de garagem para até 03 carros pequenos ou 02 grandes.
O imóvel é porteira fechada: ficam todos os móveis e projetados!
Perfeito para quem busca praticidade, conforto e localização privilegiada.

O empreendimento conta com 02 elevadores, guarita de segurança e uma infraestrutura completa de lazer e conveniência. Possui terraço, sala de jogos, espaço kids, além de uma piscina com deck e WC para momentos de relaxamento. No mezanino, você encontra uma sala de ginástica equipada, e para comemorações, um amplo salão de eventos com WC. O prédio dispõe ainda de central de gás e gerador, garantindo conforto e praticidade no dia a dia.

Entre em contato e agende sua visita!",Venda,Fase de acabamento,Lançamento,Dos Estados,3,2,1,88.0,"$920,00","R$800000,00",800000,https://juremabksimoveis.com.br/imoveis/apartamento-para-venda-bairro-dos-estados/,6.jpg (https://v5.airtableusercontent.com/v3/u/51/51/1774296000000/MKGJQzNE6w-pWVu4l3Id0Q/gtYgvX35vc0-d0qpAxX91tCCzJPSvJlJ5qr51CjRlXllHsIpJOqUkId3faq_fgJOmctSsR2w_fTYTheoSah3taTcBAYBTpcCrElH342BqY_ptNS6sSAXn5L_TxSn92hTfS3Yg0Am4nM6rnU9uupaYQ/ggBCqlyp0VC7v4FGl4LskWImJe7JbVu2u1HLwwskRtc),APARTAMENTO PARA VENDA BAIRRO DOS ESTADOS,Publicado,https://juremabksimoveis.com.br/imoveis/apartamento-para-venda-bairro-dos-estados/
JP-428,Apartamento,Apartamento para Aluguel em Cabo Branco - João Pessoa,"01 quartos com armários com box em vidro, sala , banheiro social com box em vidro, cozinha com armário, estacionamento p/ 01 carro . Apróx. 80m².",Aluguel,Fase de acabamento,Lançamento,Cabo Branco,1,0,2,80.0,"$200,00","R$650,00",650,https://juremabksimoveis.com.br/imoveis/apartamento-para-alugar-cabo-branco-02/,apartamento-decorado.webp (https://v5.airtableusercontent.com/v3/u/51/51/1774296000000/aGC1WsibY0QdD3JzUY7ikw/KmvPOSu-VDq1_9GGVqPsjQiiIoSxo3aIQ3ITnV59Y-ml1eVi4ezDwTfhjOprvlzcCkLRHVQ8iXpxdgnMLyJFeEiE9LhteCB6LRyepv_D7rg7NiynDBSAI24uZz38B_S5iujIyQfy4Ctz4aj8jIL34g/blDvg6a-CyKZUYo07om2y1EbXCRnr-2iahEw0u1xIXY),Apartamento para alugar Cabo Branco,Publicado,https://juremabksimoveis.com.br/imoveis/apartamento-para-alugar-cabo-branco-02/